id_avis,date,note_avis,commentaire,id_resto,nom_resto,type_cuisine,fourchette_prix,adresse,note_moyenne_resto,description,arrondissement,latitude,longitude,taux_menage_imposable,mediane_niveau_de_vie,taux_pauvrete,min_prix,max_prix
1,dÃ©c. 2024,2.0,quantitÃ© garniture galett minable mini morceal jambon rondelle champignon jaune oeuf quasi croire blanc oeuf qualitÃ© aucun goÃ»t prix cher quasiment rien manger euro salle chauffer bon accueil,1,CrÃªperie AmÃ©lie,"RÃ©servations, Places assises, Chaises hautes disponibles, Accessible en fauteuil roulant, Sert de l'alcool, Service de table",,112 Cours Charlemagne 69002 Lyon France,2.5,,69002,45.7406889,4.818801,66,28920,12,,
2,dÃ©c. 2024,5.0,juste aprÃ¨s cinÃ©ma dÃ©jeuner famille deux enfant menu enfant note contenir repas trÃ¨s agrÃ©able service trÃ¨s rapide chouette adresse,1,CrÃªperie AmÃ©lie,"RÃ©servations, Places assises, Chaises hautes disponibles, Accessible en fauteuil roulant, Sert de l'alcool, Service de table",,112 Cours Charlemagne 69002 Lyon France,2.5,,69002,45.7406889,4.818801,66,28920,12,,
3,nov. 2024,2.0,restaurer sans intÃ©rÃªt crÃªpe saler trÃ¨s mÃ©diocre trop cuire trÃ¨s garni crÃªpe sucrer encore pire assez cuite trop Ã©pais passer chemin surtout aimer crÃªpe,1,CrÃªperie AmÃ©lie,"RÃ©servations, Places assises, Chaises hautes disponibles, Accessible en fauteuil roulant, Sert de l'alcool, Service de table",,112 Cours Charlemagne 69002 Lyon France,2.5,,69002,45.7406889,4.818801,66,28920,12,,
4,oct. 2024,2.0,demander crÃªpe jour bah pendant vacance comme celer quand venir famill plus cher quand demande pourquoi rÃ©ponse serveur comme enfant repartir direct tout cas voir plus 'est comme,1,CrÃªperie AmÃ©lie,"RÃ©servations, Places assises, Chaises hautes disponibles, Accessible en fauteuil roulant, Sert de l'alcool, Service de table",,112 Cours Charlemagne 69002 Lyon France,2.5,,69002,45.7406889,4.818801,66,28920,12,,
5,oct. 2024,2.0,absolument aucun intÃ©rÃªt culinaire crÃªpe sucrer sans intÃ©rÃªt glace revanche bon pouvoir reste cher,1,CrÃªperie AmÃ©lie,"RÃ©servations, Places assises, Chaises hautes disponibles, Accessible en fauteuil roulant, Sert de l'alcool, Service de table",,112 Cours Charlemagne 69002 Lyon France,2.5,,69002,45.7406889,4.818801,66,28920,12,,
6,oct. 2024,2.0,dÃ©ception galette assaisonner garniture dÃ©poser dessus sans rien assaisonner prix galette trop Ã©levÃ© quantitÃ© prÃ©senter service long long long total dÃ©sorganisation serveur,1,CrÃªperie AmÃ©lie,"RÃ©servations, Places assises, Chaises hautes disponibles, Accessible en fauteuil roulant, Sert de l'alcool, Service de table",,112 Cours Charlemagne 69002 Lyon France,2.5,,69002,45.7406889,4.818801,66,28920,12,,
7,fÃ©vr. 2024,4.0,chercher crÃªperie sympa restaurer aprÃ¨s visite muser confluence direction crÃªperie amÃ©lie encablure tramway super choix qualitÃ© produit service sympa horaire large chÃ¨que vacance accepter crÃªperie situer grand centre commercial shopping restauration activitÃ© culturel activitÃ© physique proximitÃ© muser confluence prÃ©fecture rÃ©gion gar perrache,1,CrÃªperie AmÃ©lie,"RÃ©servations, Places assises, Chaises hautes disponibles, Accessible en fauteuil roulant, Sert de l'alcool, Service de table",,112 Cours Charlemagne 69002 Lyon France,2.5,,69002,45.7406889,4.818801,66,28920,12,,
8,janv. 2024,2.0,prÃ©voir bon pull hiver devoir faire restaurer serveuse polaire crÃªpe beaucoup trop lÃ©ger prix plus Å“uf croire mienne bravo chef premier dernier fois vai restaurant,1,CrÃªperie AmÃ©lie,"RÃ©servations, Places assises, Chaises hautes disponibles, Accessible en fauteuil roulant, Sert de l'alcool, Service de table",,112 Cours Charlemagne 69002 Lyon France,2.5,,69002,45.7406889,4.818801,66,28920,12,,
9,nov. 2023,2.0,envie crÃªpe bien dÃ©Ã§u crÃªpe prix exorbitant casser trois patte canard carte prÃ©ciser crÃªpe sans gluten contre aucun prÃ©cision fait fleur oranger prÃ©paration lorsque apprÃ©cie forcÃ©ment dÃ©cevoir quand crÃªp arriver sent crÃªpe nuteller euro avoir seulement quelque goutte nuteller autant prendre crÃªpe nature fin bref connaÃ®tre revenir,1,CrÃªperie AmÃ©lie,"RÃ©servations, Places assises, Chaises hautes disponibles, Accessible en fauteuil roulant, Sert de l'alcool, Service de table",,112 Cours Charlemagne 69002 Lyon France,2.5,,69002,45.7406889,4.818801,66,28920,12,,
10,oct. 2023,3.0,jolie decoration serveur trÃ¨s bien rapide prix bien trop onÃ©reux manger,1,CrÃªperie AmÃ©lie,"RÃ©servations, Places assises, Chaises hautes disponibles, Accessible en fauteuil roulant, Sert de l'alcool, Service de table",,112 Cours Charlemagne 69002 Lyon France,2.5,,69002,45.7406889,4.818801,66,28920,12,,
11,oct. 2023,3.0,pratique dÃ®ner aprÃ¨s cinÃ©ma restaurant ferme serveur rÃ©pÃ©ter plusieurs fois crÃªpe gÃ©nÃ©reux peut-Ãªtre trop certain ingrÃ©dient miel chÃ¨vre miel trÃ¨s prÃ©sent table bancal caler serviette repas prÃ©cÃ©dent saletÃ© accumuler propretÃ© revoir particulier toilette,1,CrÃªperie AmÃ©lie,"RÃ©servations, Places assises, Chaises hautes disponibles, Accessible en fauteuil roulant, Sert de l'alcool, Service de table",,112 Cours Charlemagne 69002 Lyon France,2.5,,69002,45.7406889,4.818801,66,28920,12,,
12,sept. 2023,4.0,bon petit adresse restauration rapide personnel sympa sourire service rapide modification repa accepter prix correct,1,CrÃªperie AmÃ©lie,"RÃ©servations, Places assises, Chaises hautes disponibles, Accessible en fauteuil roulant, Sert de l'alcool, Service de table",,112 Cours Charlemagne 69002 Lyon France,2.5,,69002,45.7406889,4.818801,66,28920,12,,
13,avr. 2023,2.0,table entasser une autre service trÃ¨s mauvais personnel tourner rond finir caissiÃ¨r prÃ©fÃ©rer envoyer sm portable plutÃ´t occuper client attendre Ã©viter,1,CrÃªperie AmÃ©lie,"RÃ©servations, Places assises, Chaises hautes disponibles, Accessible en fauteuil roulant, Sert de l'alcool, Service de table",,112 Cours Charlemagne 69002 Lyon France,2.5,,69002,45.7406889,4.818801,66,28920,12,,
14,mars 2023,1.0,vrement dÃ©gueulasse Ã©viter absolument trouver cheveux salade pÃ¢te crÃªpe ignoble,1,CrÃªperie AmÃ©lie,"RÃ©servations, Places assises, Chaises hautes disponibles, Accessible en fauteuil roulant, Sert de l'alcool, Service de table",,112 Cours Charlemagne 69002 Lyon France,2.5,,69002,45.7406889,4.818801,66,28920,12,,
15,fÃ©vr. 2023,5.0,rÃ©server table personne poussette samedi restaurer plein serveur prendre soin installer fondre sall confort service efficace rapide crÃªpe gÃ©nÃ©reuser bon conseiller crÃªpe saumon dessert miel amand rÃ©gal sans gluten gros plus pouvoir profiter repas famill tout cÅ“liaqu attention toutefois bien prÃ©ciser option sans gluten crÃªpe dessert comprend certain commentaire plutÃ´t assassin concerner retourner plaisir ğŸ¤—,1,CrÃªperie AmÃ©lie,"RÃ©servations, Places assises, Chaises hautes disponibles, Accessible en fauteuil roulant, Sert de l'alcool, Service de table",,112 Cours Charlemagne 69002 Lyon France,2.5,,69002,45.7406889,4.818801,66,28920,12,,
16,fÃ©vr. 2023,4.0,avis crÃªperie amÃ©lie situer confluence juste -dessus moyenne devoir dire trÃ¨s bon surprise trÃ¨s bien accueillir vers h. crÃªpe succulente chaude copieux cadre agrÃ©able point important tempÃ©rature agrÃ©able malgrÃ© froid ambier raison bon note,1,CrÃªperie AmÃ©lie,"RÃ©servations, Places assises, Chaises hautes disponibles, Accessible en fauteuil roulant, Sert de l'alcool, Service de table",,112 Cours Charlemagne 69002 Lyon France,2.5,,69002,45.7406889,4.818801,66,28920,12,,
17,janv. 2023,5.0,endroit trÃ¨s chaleureux produit local trÃ¨s bon qualitÃ© service rapide crÃªpe galette copieur recommander,1,CrÃªperie AmÃ©lie,"RÃ©servations, Places assises, Chaises hautes disponibles, Accessible en fauteuil roulant, Sert de l'alcool, Service de table",,112 Cours Charlemagne 69002 Lyon France,2.5,,69002,45.7406889,4.818801,66,28920,12,,
18,dÃ©c. 2022,5.0,trÃ¨s bon crÃªpe varier sans gluten plus choix nuteller vrai chocolat maison personnel efficace agrÃ©able souriant reviendra plaisir,1,CrÃªperie AmÃ©lie,"RÃ©servations, Places assises, Chaises hautes disponibles, Accessible en fauteuil roulant, Sert de l'alcool, Service de table",,112 Cours Charlemagne 69002 Lyon France,2.5,,69002,45.7406889,4.818801,66,28920,12,,
19,dÃ©c. 2022,4.0,ce crÃªperie devenir adresse rituel lorsque fille aller cinÃ©ma toujours bien recevoir cadre agrÃ©able service sympathique relativement efficace galette crÃªpe savoureuser plutÃ´t bien garni conseill tout celui chercher adresse dÃ©jeuner diner lors sortie confluenc,1,CrÃªperie AmÃ©lie,"RÃ©servations, Places assises, Chaises hautes disponibles, Accessible en fauteuil roulant, Sert de l'alcool, Service de table",,112 Cours Charlemagne 69002 Lyon France,2.5,,69002,45.7406889,4.818801,66,28920,12,,
20,aoÃ»t 2022,1.0,venir manger crÃªpe entrer amie aprÃ¨s quelque minute souris passer entrer jambe changer tabl Ã©loigner signalÃ© nuisible serveuse sembler trÃ¨s prÃ©occupÃ© rien faire rÃ©gler problÃ¨me souris salle forcÃ©ment cuisine donc restaurer Ã©viter,1,CrÃªperie AmÃ©lie,"RÃ©servations, Places assises, Chaises hautes disponibles, Accessible en fauteuil roulant, Sert de l'alcool, Service de table",,112 Cours Charlemagne 69002 Lyon France,2.5,,69002,45.7406889,4.818801,66,28920,12,,
21,mai 2022,2.0,bonjour venir tester crÃªperie hier midi crÃªpe horriblemer cher rien galett breton sembler bretagne assiette fuir,1,CrÃªperie AmÃ©lie,"RÃ©servations, Places assises, Chaises hautes disponibles, Accessible en fauteuil roulant, Sert de l'alcool, Service de table",,112 Cours Charlemagne 69002 Lyon France,2.5,,69002,45.7406889,4.818801,66,28920,12,,
22,avr. 2022,1.0,plus gÃ©rant rien fair plus part formation bretagne franchement trÃ¨s dÃ©sagrÃ©able,1,CrÃªperie AmÃ©lie,"RÃ©servations, Places assises, Chaises hautes disponibles, Accessible en fauteuil roulant, Sert de l'alcool, Service de table",,112 Cours Charlemagne 69002 Lyon France,2.5,,69002,45.7406889,4.818801,66,28920,12,,
23,avr. 2022,1.0,galett presque â‚¬ ressembler napperon broder aucun matiÃ¨re galett meme entiere pauvre rondelle chevre honteux servir sans parler pancake gout texture pire celui grand surface ressortir faim contrepartie gerant faire remise â‚¬ galette preferer faire moitiÃ© prix tellement rien manger conseill ce creperie eter long bon devoir revoir produit chef cuisine honte,1,CrÃªperie AmÃ©lie,"RÃ©servations, Places assises, Chaises hautes disponibles, Accessible en fauteuil roulant, Sert de l'alcool, Service de table",,112 Cours Charlemagne 69002 Lyon France,2.5,,69002,45.7406889,4.818801,66,28920,12,,
24,mars 2022,2.0,premier dernier essai ce crÃªperie deux crÃªpe testÃ©e kinder bueno nuteller qualitÃ© spÃ©cialement attendre attendre kinder bueno intÃ©grÃ© crÃªpe final agir crÃªpe trÃ¨s banal nuteller barre kinder bueno cassÃ© deux dessus bref complÃ¨tement inutile doit- rappeler kinder bueno deux barre + euro crÃªpe quand pomme caramel pomme cuite morceau ressemblant plus Ã©pluchure autre chose concerner pÃ¢ter crÃªpe assiette seul trouver satisfait quant- reste prendre ther deux tasse remplie moitiÃ© service quoi sympathique spÃ©cialemer gÃ©nial autant trÃ¨s propre conclusion repartir dÃ©Ã§u reviendron,1,CrÃªperie AmÃ©lie,"RÃ©servations, Places assises, Chaises hautes disponibles, Accessible en fauteuil roulant, Sert de l'alcool, Service de table",,112 Cours Charlemagne 69002 Lyon France,2.5,,69002,45.7406889,4.818801,66,28920,12,,
25,janv. 2022,1.0,trÃ¨s mauvais expÃ©rience crÃªpe bcp trop cuite garniture rÃ©chauffer insipide cahoutchouteus accueil plutÃ´t correct suffire faire apprÃ©cier lieu Ã©viter Ãªtre dÃ©cevoir,1,CrÃªperie AmÃ©lie,"RÃ©servations, Places assises, Chaises hautes disponibles, Accessible en fauteuil roulant, Sert de l'alcool, Service de table",,112 Cours Charlemagne 69002 Lyon France,2.5,,69002,45.7406889,4.818801,66,28920,12,,
26,juil. 2021,3.0,dommage prix galette crÃªpe cher valoir qualitÃ© prix sinon cadre symper cÅ“ur centre commercial confluence,1,CrÃªperie AmÃ©lie,"RÃ©servations, Places assises, Chaises hautes disponibles, Accessible en fauteuil roulant, Sert de l'alcool, Service de table",,112 Cours Charlemagne 69002 Lyon France,2.5,,69002,45.7406889,4.818801,66,28920,12,,
27,dÃ©c. 2021,2.0,crÃªpe nuteller arriver froid quantitÃ© copieux crÃªpe â‚¬ passer chemin tellement endroit rapport qualitÃ© prix valoir dÃ©placement concerner respect geste barriÃ¨re certain personnel porter masqu sou nez voire sou bouche important donner exemple ğŸ˜‰,1,CrÃªperie AmÃ©lie,"RÃ©servations, Places assises, Chaises hautes disponibles, Accessible en fauteuil roulant, Sert de l'alcool, Service de table",,112 Cours Charlemagne 69002 Lyon France,2.5,,69002,45.7406889,4.818801,66,28920,12,,
28,dÃ©c. 2021,5.0,ramener bougie anniversaire femme tout service mettre chanter cÅ“ur souhaiter joyeux anniversaire thÃ© gourmand excellent mention spÃ©cial deux serveur accepter requÃªte Ã©toile,1,CrÃªperie AmÃ©lie,"RÃ©servations, Places assises, Chaises hautes disponibles, Accessible en fauteuil roulant, Sert de l'alcool, Service de table",,112 Cours Charlemagne 69002 Lyon France,2.5,,69002,45.7406889,4.818801,66,28920,12,,
29,aoÃ»t 2021,4.0,crÃªpe bon ainsi cocktail dommage tarif Ã©levÃ© service sympathique rapide,1,CrÃªperie AmÃ©lie,"RÃ©servations, Places assises, Chaises hautes disponibles, Accessible en fauteuil roulant, Sert de l'alcool, Service de table",,112 Cours Charlemagne 69002 Lyon France,2.5,,69002,45.7406889,4.818801,66,28920,12,,
30,oct. 2021,1.0,crÃªpe saler immangeable vaissell peine laver fromage insipide Å“uf cuit jambon bloc lÃ©gume dur cuit non plus Ã©viter absolument,1,CrÃªperie AmÃ©lie,"RÃ©servations, Places assises, Chaises hautes disponibles, Accessible en fauteuil roulant, Sert de l'alcool, Service de table",,112 Cours Charlemagne 69002 Lyon France,2.5,,69002,45.7406889,4.818801,66,28920,12,,
31,aoÃ»t 2021,3.0,situer cÅ“ur centre commercial confluence possibilitÃ© mettre terrass intÃ©rieur centre commercial prÃ©fÃ©rer intÃ©rieur crÃªperie comme faire trÃ¨s chaud climatisation centre commercial hyper bruyant goÃ»ter commander deux jus oranger frais deux crÃªpe sucrer lui correcter goÃ»ter personnel accueillir sympathique prendre chÃ¨qu vacance,1,CrÃªperie AmÃ©lie,"RÃ©servations, Places assises, Chaises hautes disponibles, Accessible en fauteuil roulant, Sert de l'alcool, Service de table",,112 Cours Charlemagne 69002 Lyon France,2.5,,69002,45.7406889,4.818801,66,28920,12,,
32,aoÃ»t 2020,3.0,moyen crÃªpe sucrer bien alors salÃ©e terrible digÃ©rer trois fromage peine emmental trois rondelle chÃ¨vre bout mozza fondre bref goÃ»ter recommande reste non cerise gÃ¢teau faire valider ticket parking bizarrement celer marche donc payer bref vol,1,CrÃªperie AmÃ©lie,"RÃ©servations, Places assises, Chaises hautes disponibles, Accessible en fauteuil roulant, Sert de l'alcool, Service de table",,112 Cours Charlemagne 69002 Lyon France,2.5,,69002,45.7406889,4.818801,66,28920,12,,
33,aoÃ»t 2020,5.0,tout simplement dÃ©licieux ğŸ¤¤ trÃ¨s chaleureux top merci encore tout Ã©quipe amÃ©li crep bientÃ´t,1,CrÃªperie AmÃ©lie,"RÃ©servations, Places assises, Chaises hautes disponibles, Accessible en fauteuil roulant, Sert de l'alcool, Service de table",,112 Cours Charlemagne 69002 Lyon France,2.5,,69002,45.7406889,4.818801,66,28920,12,,
34,aoÃ»t 2020,4.0,prendre crÃªpe sucrer soir lui vraiment excellenter trÃ¨s bon accueil bon ambiance,1,CrÃªperie AmÃ©lie,"RÃ©servations, Places assises, Chaises hautes disponibles, Accessible en fauteuil roulant, Sert de l'alcool, Service de table",,112 Cours Charlemagne 69002 Lyon France,2.5,,69002,45.7406889,4.818801,66,28920,12,,
35,juil. 2020,5.0,excellent galett bien garni recommander restaurer produit frer sentir ğŸ‘ ğŸ¼ ğŸ‘ ğŸ¼,1,CrÃªperie AmÃ©lie,"RÃ©servations, Places assises, Chaises hautes disponibles, Accessible en fauteuil roulant, Sert de l'alcool, Service de table",,112 Cours Charlemagne 69002 Lyon France,2.5,,69002,45.7406889,4.818801,66,28920,12,,
36,juil. 2020,5.0,dÃ©coration chaleureux galette crÃªpe bien fraÃ®cher fait maison personnellement prendre galette asiatique trÃ¨s bon cuisinÃ©e mari complet champignon persiller enfant menu peu trop copieux alors Ã©changer crÃªpe contre glace bon rapide serveur trÃ¨s sympathique serviable revenir,1,CrÃªperie AmÃ©lie,"RÃ©servations, Places assises, Chaises hautes disponibles, Accessible en fauteuil roulant, Sert de l'alcool, Service de table",,112 Cours Charlemagne 69002 Lyon France,2.5,,69002,45.7406889,4.818801,66,28920,12,,
37,juil. 2020,1.0,dÃ©jÃ  venue janvier problÃ¨me prise commande mÃ©connaissance carte rupture stock problÃ¨me encaissemer addition nÃ©anmoins dÃ©cider accorder second chance ce Ã©tablissement retourner hier malgrÃ© bon foi personnel situation encore plus dÃ©cevant boÃ®te crÃªpe emporter hermÃ©tiquer couvert adapter goutte eau faire possÃ©der carte confluenc possibiliter faire valider ticket parking Ã©tablissement rendu dire tout arriver bas retrouver payer quasiment euro quoi servir fidÃ©litÃ© vraiment trÃ¨s dÃ©cevoir encore fois retourneron plus,1,CrÃªperie AmÃ©lie,"RÃ©servations, Places assises, Chaises hautes disponibles, Accessible en fauteuil roulant, Sert de l'alcool, Service de table",,112 Cours Charlemagne 69002 Lyon France,2.5,,69002,45.7406889,4.818801,66,28920,12,,
38,juil. 2020,1.0,entrÃ©e refuser car serveur client seul servir donc crÃªpe emporter revenir entrÃ©e refuser rien accompagner serveuse trÃ¨s peu agrÃ©able,1,CrÃªperie AmÃ©lie,"RÃ©servations, Places assises, Chaises hautes disponibles, Accessible en fauteuil roulant, Sert de l'alcool, Service de table",,112 Cours Charlemagne 69002 Lyon France,2.5,,69002,45.7406889,4.818801,66,28920,12,,
39,juin 2020,1.0,trÃ¨s trÃ¨s dÃ©Ã§u accueil serveur trÃ¨s dÃ©sagrÃ©able conseill tout sentir place derangeais,1,CrÃªperie AmÃ©lie,"RÃ©servations, Places assises, Chaises hautes disponibles, Accessible en fauteuil roulant, Sert de l'alcool, Service de table",,112 Cours Charlemagne 69002 Lyon France,2.5,,69002,45.7406889,4.818801,66,28920,12,,
40,juin 2020,1.0,arriver plusieur installer demander carte restaurer crÃªpe boisson jeune serveur trÃ¨s mal accueillir demander choisir devant entrÃ©e pancarte genion passage client entrer pense fatiguer servir minute plus tard cappuccino trÃ¨s mal prÃ©senter conseill plutÃ´t mcdo trouver quand aberrant dÃ©conseill vivement ce creperie accueil trÃ¨s mal client,1,CrÃªperie AmÃ©lie,"RÃ©servations, Places assises, Chaises hautes disponibles, Accessible en fauteuil roulant, Sert de l'alcool, Service de table",,112 Cours Charlemagne 69002 Lyon France,2.5,,69002,45.7406889,4.818801,66,28920,12,,
41,juin 2020,5.0,recomand sans hÃ©siter tre bon part prendre poulet facon aziatiqu femme saumon sauc anette vrement rÃ©galÃ© endroit formidable ambiancer equipe super merci encore amelie crep revenir,1,CrÃªperie AmÃ©lie,"RÃ©servations, Places assises, Chaises hautes disponibles, Accessible en fauteuil roulant, Sert de l'alcool, Service de table",,112 Cours Charlemagne 69002 Lyon France,2.5,,69002,45.7406889,4.818801,66,28920,12,,
42,juin 2020,5.0,merci hospitalitÃ© ce pÃ©riode compliquer vrai plaisir pouvoir dÃ©guster excellente galette crÃªpe service qualitÃ© Ã©gayer journÃ©e,1,CrÃªperie AmÃ©lie,"RÃ©servations, Places assises, Chaises hautes disponibles, Accessible en fauteuil roulant, Sert de l'alcool, Service de table",,112 Cours Charlemagne 69002 Lyon France,2.5,,69002,45.7406889,4.818801,66,28920,12,,
43,mars 2020,5.0,venir manger ce aprÃ¨s-midi malgrÃ© affluence vacance restaurer plein craquer accueillir placer rapidement crÃªpe trÃ¨s bon serveur patronne trÃ¨s agrÃ©able souriant trÃ¨s bientÃ´t,1,CrÃªperie AmÃ©lie,"RÃ©servations, Places assises, Chaises hautes disponibles, Accessible en fauteuil roulant, Sert de l'alcool, Service de table",,112 Cours Charlemagne 69002 Lyon France,2.5,,69002,45.7406889,4.818801,66,28920,12,,
44,fÃ©vr. 2020,1.0,attente interminable jamais personnel accueillir tout bout demi heure quand venir demander bien commander crÃªp banane chantilly alors commander crÃªpe nuteller sans chantilly apporter crÃªpe nuteller chantilly couronner tout devoir dire nutella crÃªpe vider pot nuteller assiette super Ã©coeurant retournerai plus dÃ©conseill quasiment tout revoir,1,CrÃªperie AmÃ©lie,"RÃ©servations, Places assises, Chaises hautes disponibles, Accessible en fauteuil roulant, Sert de l'alcool, Service de table",,112 Cours Charlemagne 69002 Lyon France,2.5,,69002,45.7406889,4.818801,66,28920,12,,
45,fÃ©vr. 2020,1.0,vouloir dÃ©couvrir ce crÃªperie entrer ami retourneron service revoir accueillir comme doit rarement goutÃ© crÃªpe aussi fade pourtant crÃªpe nuteller plus quelque morceau kinder bueno rien exceptionnel ğŸ˜ sans parler serveur passer assurer partir sans payer gros blagu prendre limite voleur bref mettre plus pied ce crÃªperie,1,CrÃªperie AmÃ©lie,"RÃ©servations, Places assises, Chaises hautes disponibles, Accessible en fauteuil roulant, Sert de l'alcool, Service de table",,112 Cours Charlemagne 69002 Lyon France,2.5,,69002,45.7406889,4.818801,66,28920,12,,
46,fÃ©vr. 2020,3.0,avis prÃ©cÃ©dent peu trop dur prendre menu jour â‚¬ passer trÃ¨s bon moment obtenir remise carte centre commercial seul remarqu salad vert trÃ¨s copieux trop assaisonnement,1,CrÃªperie AmÃ©lie,"RÃ©servations, Places assises, Chaises hautes disponibles, Accessible en fauteuil roulant, Sert de l'alcool, Service de table",,112 Cours Charlemagne 69002 Lyon France,2.5,,69002,45.7406889,4.818801,66,28920,12,,
47,fÃ©vr. 2020,4.0,dÃ©licieuse crÃªpe trÃ¨s beau choix enfant adulte restaurer bonder valoir coup attendre,1,CrÃªperie AmÃ©lie,"RÃ©servations, Places assises, Chaises hautes disponibles, Accessible en fauteuil roulant, Sert de l'alcool, Service de table",,112 Cours Charlemagne 69002 Lyon France,2.5,,69002,45.7406889,4.818801,66,28920,12,,
48,janv. 2020,3.0,prendre thÃ© gourmand simple bon crÃªpe petit pancake bon salad fruit frais cependant chantilly super bon serveur sympathique,1,CrÃªperie AmÃ©lie,"RÃ©servations, Places assises, Chaises hautes disponibles, Accessible en fauteuil roulant, Sert de l'alcool, Service de table",,112 Cours Charlemagne 69002 Lyon France,2.5,,69002,45.7406889,4.818801,66,28920,12,,
49,janv. 2020,1.0,repas trÃ¨s dÃ©cevant crÃªpe jour sec car rÃ©chauffer dÃ©couvrir trop tard message Ã©crire ardoise poulet halal sans avoir prÃ©venir serveur inadmissible imposer client choix religieux pays laÃ¯que crÃªpe sucrer enfouir sou Ã©paisse couch nuteller rÃ©parer Ã©cÅ“urer finir soirer indigestion plus jamais,1,CrÃªperie AmÃ©lie,"RÃ©servations, Places assises, Chaises hautes disponibles, Accessible en fauteuil roulant, Sert de l'alcool, Service de table",,112 Cours Charlemagne 69002 Lyon France,2.5,,69002,45.7406889,4.818801,66,28920,12,,
50,janv. 2020,1.0,deux placer place serveur peine crÃªpe finie Monsieur devoir sÃ»remer Ãªtre manager employer assez sec demander installer laisser place autre client attendre prendre table deux idÃ©e accord employer manquer vraiment professionnalisme aprÃ¨s avoir humilier sort dÃ©cider partir remettron plus pied bas merci serveur tÃ©moin ce Ã©change excuse ce homme devoir vraiment revoir maniÃ¨re exprimer Ã©changer surtout client fatiguer travailler Ã©nerver travail client pÃ¢tir,1,CrÃªperie AmÃ©lie,"RÃ©servations, Places assises, Chaises hautes disponibles, Accessible en fauteuil roulant, Sert de l'alcool, Service de table",,112 Cours Charlemagne 69002 Lyon France,2.5,,69002,45.7406889,4.818801,66,28920,12,,
51,janv. 2020,1.0,rien voir crÃªperie fast food galette nom plus appropriÃ© plus gÃ¨le restaurant,1,CrÃªperie AmÃ©lie,"RÃ©servations, Places assises, Chaises hautes disponibles, Accessible en fauteuil roulant, Sert de l'alcool, Service de table",,112 Cours Charlemagne 69002 Lyon France,2.5,,69002,45.7406889,4.818801,66,28920,12,,
52,janv. 2020,3.0,premier repas ce crÃªperie service rapide plus jambon croire plus fromage raclett plus caramel beurr salÃ© crÃªpe bon sans plus,1,CrÃªperie AmÃ©lie,"RÃ©servations, Places assises, Chaises hautes disponibles, Accessible en fauteuil roulant, Sert de l'alcool, Service de table",,112 Cours Charlemagne 69002 Lyon France,2.5,,69002,45.7406889,4.818801,66,28920,12,,
53,janv. 2020,1.0,attente seulement crÃªpe nuteller min avoir oublier nuteller accueil nulle chaleureux,1,CrÃªperie AmÃ©lie,"RÃ©servations, Places assises, Chaises hautes disponibles, Accessible en fauteuil roulant, Sert de l'alcool, Service de table",,112 Cours Charlemagne 69002 Lyon France,2.5,,69002,45.7406889,4.818801,66,28920,12,,
54,nov. 2019,2.0,dire tout objectivitÃ© galette plutÃ´t bon comprendre crÃªpe leur garniture bien fournir service trÃ¨s rapide efficace cependant serveur peu sympathique peine arrive certain dire bonjour autre regarder plus choquer faire employÃ© plaindre juste devant propos leur tenir autre client soirÃ©e travailler restauration hÃ´tellerie cruel manqu professionnalisme crÃªperie aucun sourire aucun amabilitÃ© crÃªpe presque jeter table aucun courtoisie tel point mal aise dommage,1,CrÃªperie AmÃ©lie,"RÃ©servations, Places assises, Chaises hautes disponibles, Accessible en fauteuil roulant, Sert de l'alcool, Service de table",,112 Cours Charlemagne 69002 Lyon France,2.5,,69002,45.7406889,4.818801,66,28920,12,,
55,nov. 2019,5.0,tout choix crÃªpe galett sans gluten bon savoir allergique cas allergie hÃ©siter signaler serveur faire nÃ©cessaire plus ample renseignement tÃ©lÃ©phoner,1,CrÃªperie AmÃ©lie,"RÃ©servations, Places assises, Chaises hautes disponibles, Accessible en fauteuil roulant, Sert de l'alcool, Service de table",,112 Cours Charlemagne 69002 Lyon France,2.5,,69002,45.7406889,4.818801,66,28920,12,,
56,nov. 2019,2.0,recette leur crÃªpe sachet garnitur rÃ©chauffer micro-ond prÃ©senter galette peu sec serveur bon volontÃ© manifestement sous-effectif plus table cuisine sans moindre authenticitÃ© espÃ©rez Ã©motion gastronomique,1,CrÃªperie AmÃ©lie,"RÃ©servations, Places assises, Chaises hautes disponibles, Accessible en fauteuil roulant, Sert de l'alcool, Service de table",,112 Cours Charlemagne 69002 Lyon France,2.5,,69002,45.7406889,4.818801,66,28920,12,,
57,nov. 2019,5.0,service impeccable serveur sourire bon organisation quand bien remplie crÃªpe dÃ©licieuse aussi bien sucrer saler merci trÃ¨s bon moment,1,CrÃªperie AmÃ©lie,"RÃ©servations, Places assises, Chaises hautes disponibles, Accessible en fauteuil roulant, Sert de l'alcool, Service de table",,112 Cours Charlemagne 69002 Lyon France,2.5,,69002,45.7406889,4.818801,66,28920,12,,
58,nov. 2019,1.0,arriver fin aprÃ¨s midi compagnon beaucoup monde rentr Monsieur chemise sans aucun sourire accueille mettre table jeter carte minute prendre commande pouvoir minute Ãªtre servir euro crÃªpe banal sans goÃ»t baigner chantilly utiliser chez mcdonald insipide sans compter ambiance glacial entrer diffÃ©rent effectif pire reste venir paie addition dire revoir toujours patron sans sourire celui rÃ©pondre philippe etchebetz travail faire restaurant travailler hÃ´tellerie restauration indulgent limite paie service mÃ©tier service dommage,1,CrÃªperie AmÃ©lie,"RÃ©servations, Places assises, Chaises hautes disponibles, Accessible en fauteuil roulant, Sert de l'alcool, Service de table",,112 Cours Charlemagne 69002 Lyon France,2.5,,69002,45.7406889,4.818801,66,28920,12,,
59,nov. 2019,1.0,fils ressortir inster sans consommer accueil trÃ¨s froid voir accueil sans sourire installer vouloir pouvoir min aprÃ¨s carte jeter table sans mot sourir fuir,1,CrÃªperie AmÃ©lie,"RÃ©servations, Places assises, Chaises hautes disponibles, Accessible en fauteuil roulant, Sert de l'alcool, Service de table",,112 Cours Charlemagne 69002 Lyon France,2.5,,69002,45.7406889,4.818801,66,28920,12,,
60,nov. 2019,1.0,crÃªpe laisser dÃ©sirer plus prix beaucoup trop Ã©levÃ© responsable chemise irrespectueux envers client travail bÃ¢cler mÃ©chancetÃ© auprÃ¨s serveur enfin aucun maitrise mÃ©tier recommander surtout,1,CrÃªperie AmÃ©lie,"RÃ©servations, Places assises, Chaises hautes disponibles, Accessible en fauteuil roulant, Sert de l'alcool, Service de table",,112 Cours Charlemagne 69002 Lyon France,2.5,,69002,45.7406889,4.818801,66,28920,12,,
61,nov. 2019,1.0,placer table attendre min toujours carte aller chercher lever demander serveur prendre commande aprÃ¨s encore long dÃ©lai recevoir assiette bon top beaucoup choix carte pourtant endroit sympa donc potentiel aucun organisation niveau service demander,1,CrÃªperie AmÃ©lie,"RÃ©servations, Places assises, Chaises hautes disponibles, Accessible en fauteuil roulant, Sert de l'alcool, Service de table",,112 Cours Charlemagne 69002 Lyon France,2.5,,69002,45.7406889,4.818801,66,28920,12,,
62,nov. 2019,5.0,dimanche pluvieux trouver autre idÃ©e aller balader confluence manger crÃªp recommander fortement trÃ¨s bon crÃªperie excellent service dÃ©tendre professionnel efficace patron trÃ¨s agrÃ©able chaleureux produit proposer trÃ¨s bon garniture vraiment dÃ©licieuse produit frais part tant breton prÃ©fÃ©rer crÃªpe peu plus moelleux,1,CrÃªperie AmÃ©lie,"RÃ©servations, Places assises, Chaises hautes disponibles, Accessible en fauteuil roulant, Sert de l'alcool, Service de table",,112 Cours Charlemagne 69002 Lyon France,2.5,,69002,45.7406889,4.818801,66,28920,12,,
63,nov. 2019,1.0,bon minute bonjour pouvoir Ãªtre prendre charge resto bonder couvert loin Ãªtre nickel table redresser collant crÃªpe sec tiÃ¨de garniture pouvoir imaginer quantitÃ© tarif exhorbiter qualitÃ© quand donne avi serveur dire oui savoir air foutist dire fou bref premier visite an transcender soir monde retester franchement retourner moment falloir refuser client garder client falloir entendre critique Ãªtre commerÃ§ant quel dommage car tel service cuisine pouvoir dÃ©couler Ã©thique bien pourri patron mettre plein poche quel dommage,1,CrÃªperie AmÃ©lie,"RÃ©servations, Places assises, Chaises hautes disponibles, Accessible en fauteuil roulant, Sert de l'alcool, Service de table",,112 Cours Charlemagne 69002 Lyon France,2.5,,69002,45.7406889,4.818801,66,28920,12,,
64,oct. 2019,5.0,dÃ©licieux presentation tre joli embiance trÃ¨s sympathique vraiment tre bien service top!!! ğŸ¤© reviendra,1,CrÃªperie AmÃ©lie,"RÃ©servations, Places assises, Chaises hautes disponibles, Accessible en fauteuil roulant, Sert de l'alcool, Service de table",,112 Cours Charlemagne 69002 Lyon France,2.5,,69002,45.7406889,4.818801,66,28920,12,,
65,oct. 2019,2.0,arrivÃ©e personnel voir seulement bout minute venir vers faire asseoir demande combien temps attente crÃªpe sucrer rÃ©pondre attente trÃ¨s rapide assise faire signe jeune serveur loin Ãªtre agrÃ©able passer commande minute aprÃ¨s arrivÃ©e apporter chocolat chaud rien exceptionnel faire trÃ¨s industriel prix attendre encore minute oui oui minute servir crÃªpe entrer temps demander commande excuse seulement arriver propretÃ© lieu reste revoir amabilitÃ© personnel Ã©galement presser passer chemin,1,CrÃªperie AmÃ©lie,"RÃ©servations, Places assises, Chaises hautes disponibles, Accessible en fauteuil roulant, Sert de l'alcool, Service de table",,112 Cours Charlemagne 69002 Lyon France,2.5,,69002,45.7406889,4.818801,66,28920,12,,
66,oct. 2019,1.0,venir manger crÃªpe amie trÃ¨s dÃ©cevoir part service trÃ¨s trÃ¨s long surtout faire crÃªpe nuteller autre part serveur oser mal parler client devant reste personne restaurer inadmissible recommander restaurer,1,CrÃªperie AmÃ©lie,"RÃ©servations, Places assises, Chaises hautes disponibles, Accessible en fauteuil roulant, Sert de l'alcool, Service de table",,112 Cours Charlemagne 69002 Lyon France,2.5,,69002,45.7406889,4.818801,66,28920,12,,
67,oct. 2019,5.0,chercher quoi manger mÃ¨re midi dire tien crÃªpe ğŸ˜ service accueillir rapide efficace crÃªpe trÃ¨s bon bien garni personnel trÃ¨s gentil Ã©coute rien redire,1,CrÃªperie AmÃ©lie,"RÃ©servations, Places assises, Chaises hautes disponibles, Accessible en fauteuil roulant, Sert de l'alcool, Service de table",,112 Cours Charlemagne 69002 Lyon France,2.5,,69002,45.7406889,4.818801,66,28920,12,,
68,oct. 2019,1.0,vouloir goÃ»ter lundi octobre trÃ¨s trÃ¨s mal accueillir accueillir tout car serveur rÃ©pondre servir plus alors heure heure goÃ»ter gentiment demander pourquoi rÃ©pondre besoin justifier honteux surtout rester table vide lamentable allier trmps temps plus falloir changer boulot cher Monsieur,1,CrÃªperie AmÃ©lie,"RÃ©servations, Places assises, Chaises hautes disponibles, Accessible en fauteuil roulant, Sert de l'alcool, Service de table",,112 Cours Charlemagne 69002 Lyon France,2.5,,69002,45.7406889,4.818801,66,28920,12,,
69,oct. 2019,1.0,faire plusieurs fois essayer manger -ba ce fois- dernier essai chercher goÃ»ter sympa petit cafÃ© viennois moment tranquille dÃ©jÃ  dubitatif prÃ©cÃ©dente tentative cÃ©dant envie crÃªpe dire alleeerrrrr tenton constat ere attent faire installer serveur voir baisse vite tÃªte sans dire bonjour celui rÃ´le placer lever enfin nez accueil agrÃ©able aller ce fois faire donne carte pouvoir pouvoir tout oui bout moment ras bol poiroter cafÃ© crÃªpe pouvoir quand serveur plus prÃ©occuper aller rouler clope installer gens attendre prendre command suffit air mÃ©chant Ãªtre autant serveur crÃªperie Ãªtre aussi mou peu communiquant penser reconversion impose,1,CrÃªperie AmÃ©lie,"RÃ©servations, Places assises, Chaises hautes disponibles, Accessible en fauteuil roulant, Sert de l'alcool, Service de table",,112 Cours Charlemagne 69002 Lyon France,2.5,,69002,45.7406889,4.818801,66,28920,12,,
70,oct. 2019,1.0,heure crÃªp cafÃ© autant dire attente valoir peine incroyable trouver tel Ã©tablissement lieu aussi frÃ©quentÃ©,1,CrÃªperie AmÃ©lie,"RÃ©servations, Places assises, Chaises hautes disponibles, Accessible en fauteuil roulant, Sert de l'alcool, Service de table",,112 Cours Charlemagne 69002 Lyon France,2.5,,69002,45.7406889,4.818801,66,28920,12,,
71,oct. 2019,1.0,sai comment ce Ã©tablissement pouvoir Ãªtre encore ouvert service revoir arriver heure dimanche sans bonjour clairement mettre dehors cause place deux grand table libre caissier bafouill dire privilÃ©gie petit groupe alors adulte deux enfant honteux,1,CrÃªperie AmÃ©lie,"RÃ©servations, Places assises, Chaises hautes disponibles, Accessible en fauteuil roulant, Sert de l'alcool, Service de table",,112 Cours Charlemagne 69002 Lyon France,2.5,,69002,45.7406889,4.818801,66,28920,12,,
72,oct. 2019,1.0,service lamentable minute avoir deux crÃªpe nuteller serveur excus collÃ¨gue prendre reler bout moment crÃªpe cher lui valoir recommander absolument,1,CrÃªperie AmÃ©lie,"RÃ©servations, Places assises, Chaises hautes disponibles, Accessible en fauteuil roulant, Sert de l'alcool, Service de table",,112 Cours Charlemagne 69002 Lyon France,2.5,,69002,45.7406889,4.818801,66,28920,12,,
73,oct. 2019,2.0,crÃªpe trÃ¨s gras garniture laisser dÃ©sirer sortir certainement chez carrefour service nonchalant peine sourir personne venir voir demander vouloir dessert cafÃ© sans dire Ãªtre exiger minimum recommander,1,CrÃªperie AmÃ©lie,"RÃ©servations, Places assises, Chaises hautes disponibles, Accessible en fauteuil roulant, Sert de l'alcool, Service de table",,112 Cours Charlemagne 69002 Lyon France,2.5,,69002,45.7406889,4.818801,66,28920,12,,
74,sept. 2019,5.0,top changer rien celer faire moment maintenant vien pause dÃ©jeuner service rapide aimable menu jour toujours bon tout faire maison celer sentir,1,CrÃªperie AmÃ©lie,"RÃ©servations, Places assises, Chaises hautes disponibles, Accessible en fauteuil roulant, Sert de l'alcool, Service de table",,112 Cours Charlemagne 69002 Lyon France,2.5,,69002,45.7406889,4.818801,66,28920,12,,
75,sept. 2019,1.0,crÃªpe industriel trop rÃ©chauffer donc arriver limite brÃ»lÃ© personnel incapable gÃ©rer client minute attente avant prendre commande minute Ãªtre servir alors autre client arriver aprÃ¨s dÃ©jÃ  servir aucun sens prioritÃ© crÃªpe sucrer etaitent prÃªter depuis dÃ©jÃ  mn sans aucun serveur servir aller plaindre enfin avoir rÃ©sumÃ© crÃªpe bon personnel incompetent restaurer Ã©viter fortement,1,CrÃªperie AmÃ©lie,"RÃ©servations, Places assises, Chaises hautes disponibles, Accessible en fauteuil roulant, Sert de l'alcool, Service de table",,112 Cours Charlemagne 69002 Lyon France,2.5,,69002,45.7406889,4.818801,66,28920,12,,
76,aoÃ»t 2019,1.0,savai possible rater galette bien maintenant sai dÃ®ner valoir plus deux heure gratuit parking plus service abominable bout minute inquiet rien voir venir demande nouveau serveur rÃ©pondre dÃ©solÃ© dÃ©border table grand max deux serveuse comment pendant minute personne sall accueillir client servir autre quand nourriture tout dire plus haut vraiment infect galette farineuser mal cuite personne terminer assiette Ã©vitez tout prix restaurer rien Ã©crir nom faire mal,1,CrÃªperie AmÃ©lie,"RÃ©servations, Places assises, Chaises hautes disponibles, Accessible en fauteuil roulant, Sert de l'alcool, Service de table",,112 Cours Charlemagne 69002 Lyon France,2.5,,69002,45.7406889,4.818801,66,28920,12,,
77,aoÃ»t 2019,5.0,oeil fermer merci moment passer chez tout faire bonheur client recevoir sourire personne aimer travail aimer donner plaisir client mobilier dÃ©cor tout simplement gÃ©nial merci merci fabrice,1,CrÃªperie AmÃ©lie,"RÃ©servations, Places assises, Chaises hautes disponibles, Accessible en fauteuil roulant, Sert de l'alcool, Service de table",,112 Cours Charlemagne 69002 Lyon France,2.5,,69002,45.7406889,4.818801,66,28920,12,,
78,avr. 2019,1.0,dimanche aprÃ¨s-midi beaucoup monde attendre minute deux crÃªpe passage faire maison tout bien mienne sou tonne chantilly copine jamais aprÃ¨s rÃ©clamation moment dÃ©barrasser serveur Ã©tonner deuxiÃ¨me jamais arriver ristourn moment addition alors signaler gÃ©rant manageus finir crÃªpe deguelasse vraiment,1,CrÃªperie AmÃ©lie,"RÃ©servations, Places assises, Chaises hautes disponibles, Accessible en fauteuil roulant, Sert de l'alcool, Service de table",,112 Cours Charlemagne 69002 Lyon France,2.5,,69002,45.7406889,4.818801,66,28920,12,,
79,aoÃ»t 2019,2.0,alors gros problÃ¨me clim journÃ©e degrÃ© sans climatisation horrible mettre part sou ce chaleur bon idÃ©e prendre crÃªpe nuteller banane chantilly chantilly liquide crÃªpe super reste crÃªp taille petit comme pouvoir faire chez coÃ»ter quand meme â‚¬ plus canette cocer â‚¬ monte vite goÃ»ter mari quant prendre sirop grenadine tempÃ©rature ambiant obliger demander glaÃ§on pauvre bÃ©bÃ© sueur final crÃªpe plus boisson = euro lol cÃ´tÃ© personnel quand trÃ¨s gentil serviable malgrÃ© chaleur,1,CrÃªperie AmÃ©lie,"RÃ©servations, Places assises, Chaises hautes disponibles, Accessible en fauteuil roulant, Sert de l'alcool, Service de table",,112 Cours Charlemagne 69002 Lyon France,2.5,,69002,45.7406889,4.818801,66,28920,12,,
80,aoÃ»t 2019,1.0,bonjour sourire rien aller respirer joi vivre ce Ã©tablissement,1,CrÃªperie AmÃ©lie,"RÃ©servations, Places assises, Chaises hautes disponibles, Accessible en fauteuil roulant, Sert de l'alcool, Service de table",,112 Cours Charlemagne 69002 Lyon France,2.5,,69002,45.7406889,4.818801,66,28920,12,,
81,juin 2019,4.0,Ã©quipe sympathique courage trÃ¨s bon crÃªpe gÃ©nÃ©reux petit soin leur client fÃ©licitation,1,CrÃªperie AmÃ©lie,"RÃ©servations, Places assises, Chaises hautes disponibles, Accessible en fauteuil roulant, Sert de l'alcool, Service de table",,112 Cours Charlemagne 69002 Lyon France,2.5,,69002,45.7406889,4.818801,66,28920,12,,
82,juin 2019,3.0,endroit agrÃ©able serveur accueillant carte modeste manque authenticitÃ© celui rechercher quelque chose ressembler crÃªperie breton crÃªpe sembler avoir faire avance servie froid caramel beurr salÃ© sans trop saveur aprÃ¨s centre commercial confluence concurrence rude bref endroit passer temps rÃ©paration iphon boutique apple,1,CrÃªperie AmÃ©lie,"RÃ©servations, Places assises, Chaises hautes disponibles, Accessible en fauteuil roulant, Sert de l'alcool, Service de table",,112 Cours Charlemagne 69002 Lyon France,2.5,,69002,45.7406889,4.818801,66,28920,12,,
83,juin 2019,4.0,arrÃªt court durÃ©e menu crÃªpe saler plus crÃªpe sucrer petit budget accueil sympa service rapide bon crÃªpe demander mieux refaire,1,CrÃªperie AmÃ©lie,"RÃ©servations, Places assises, Chaises hautes disponibles, Accessible en fauteuil roulant, Sert de l'alcool, Service de table",,112 Cours Charlemagne 69002 Lyon France,2.5,,69002,45.7406889,4.818801,66,28920,12,,
84,mai 2019,3.0,presque heurer quand sort loisir tÃªte nuage confluence trÃ¨s envie crÃªpe dÃ©jÃ  dernier fois sauf rembarrer plus moins gentiment donc forcÃ©ment compagnon vouloir aller ailleurs ami connaÃ®tre vraiment envier faire idÃ©e cuisine quand surtout endroit paraÃ®tre charmer grand-mond salle sublime serveur accueillir tout sourir pouvoir installer vouloir canaper enfin uniquement puisque compagnon dÃ©tester absence mousse dison vieux canaper faire passer nain naine dÃ©ranger prÃ©fÃ©rer chaise cas problÃ¨me do carte assez grand regretter niveau sucrer manqu choix ingrÃ©dient gros tourn autour mÃªme chose prix assez Ã©levÃ© compter crÃªpe normal environ euro vouloir plus sophistiquer euro prendre crÃªp caramel supplÃ©ment chantilly oui chantilly crÃªpe exception trompe fruit frais chantilyyyyyyy crÃªpe carafe eau parce avoir euro attente trÃ¨s convenable puisqu servir peine min aprÃ¨s voir photo crÃªpe bon attendai plus fruit voisin plus caramel bien ami conquÃ©rir besoin aide finir ^^. crÃªpe bon rien dire -dessus assiette bien prÃ©senter attendre Ã©toile service top serveur petit soin sourit jusqu fin demande tout bien chose rare rien critiquer -dessus toilette Ã©galement bien propre heure attendai pire mode nettoyer fois matin non aller possibilitÃ© laisser pourboir sabriner suppose serveur dommage piÃ¨ce faire quel point donne endroit seul critique aller vers choix voir salÃ© gourmandis peu prÃ©sente goÃ»t quand dire crÃªpe voir grooosssse crÃªpeeee bien garni comme occasion voir station upper ski nouveau moins cher voir retourner midi soir dÃ©but soirer exemple aucun indication conseil donner parking celui cotoier confluence comprendre dommage client aimer bien rappeler pouvoir faire valider ticket gratuit magasin petit plus carte fidÃ©liter bout passage remettre addition gros moins encourager passer bon moment quand revoir peu comment dire garnissage connai marge Ã©videmment loyer payer autre crÃªperie prix plus bas qualitÃ© tout aussi bien crÃªpe rÃ©aliser devant oeil etc.)avec bon garniture bien changer peu convaincre encore plus people venir,1,CrÃªperie AmÃ©lie,"RÃ©servations, Places assises, Chaises hautes disponibles, Accessible en fauteuil roulant, Sert de l'alcool, Service de table",,112 Cours Charlemagne 69002 Lyon France,2.5,,69002,45.7406889,4.818801,66,28920,12,,
85,mai 2019,4.0,service souriant rapide bon mÃ©rite bon note bÃ©mol venir rÃ©fÃ©rencement internet chercher crÃªperie confluence apparaÃ®tre tripadvisor noter fermÃ© sinon merci bon moment famill,1,CrÃªperie AmÃ©lie,"RÃ©servations, Places assises, Chaises hautes disponibles, Accessible en fauteuil roulant, Sert de l'alcool, Service de table",,112 Cours Charlemagne 69002 Lyon France,2.5,,69002,45.7406889,4.818801,66,28920,12,,
86,mars 2019,1.0,attrappe tourist plein pari faire mieux valable aussi bien galette crÃªpe sans parler prix table saupoudrer sucr nettoyer main nue,1,CrÃªperie AmÃ©lie,"RÃ©servations, Places assises, Chaises hautes disponibles, Accessible en fauteuil roulant, Sert de l'alcool, Service de table",,112 Cours Charlemagne 69002 Lyon France,2.5,,69002,45.7406889,4.818801,66,28920,12,,
87,janv. 2019,3.0,crÃªperie situer quartier part dieu repas rapide simple sans ressortir enjouer crÃªpe correcter service agrÃ©able final rapport qualitÃ© prix extraordinaire bref mauvais sans Ã©motion,1,CrÃªperie AmÃ©lie,"RÃ©servations, Places assises, Chaises hautes disponibles, Accessible en fauteuil roulant, Sert de l'alcool, Service de table",,112 Cours Charlemagne 69002 Lyon France,2.5,,69002,45.7406889,4.818801,66,28920,12,,
88,janv. 2019,2.0,client bouge attendre serveur serveuse attente trop long assez produire confectionner crÃªpe donc course avoir quoi nourrir client cidre bouchonner servir mal Ãªtre reconnaÃ®tre jeune serveur employÃ© laisser sans responsable justification pann plaqu pann congÃ©lateur bref Ã©viter,1,CrÃªperie AmÃ©lie,"RÃ©servations, Places assises, Chaises hautes disponibles, Accessible en fauteuil roulant, Sert de l'alcool, Service de table",,112 Cours Charlemagne 69002 Lyon France,2.5,,69002,45.7406889,4.818801,66,28920,12,,
89,janv. 2019,1.0,crÃªpe saler bonnes.attente trop long serveuser peu aimable nonchalante cidre tiÃ¨de couvert super propre gÃ©rant faire rÃ©duction attente.pas terrible,1,CrÃªperie AmÃ©lie,"RÃ©servations, Places assises, Chaises hautes disponibles, Accessible en fauteuil roulant, Sert de l'alcool, Service de table",,112 Cours Charlemagne 69002 Lyon France,2.5,,69002,45.7406889,4.818801,66,28920,12,,
90,dÃ©c. 2018,1.0,trÃ¨s mauvais crÃªpe attente trÃ¨s long attendre plus minute crÃªpe plus mauvais jamais goÃ»tÃ© conseiller,1,CrÃªperie AmÃ©lie,"RÃ©servations, Places assises, Chaises hautes disponibles, Accessible en fauteuil roulant, Sert de l'alcool, Service de table",,112 Cours Charlemagne 69002 Lyon France,2.5,,69002,45.7406889,4.818801,66,28920,12,,
91,dÃ©c. 2018,1.0,arriver sÅ“ur crÃªperie alentour heure aprÃ¨s-midi pleine semain afin profiter petit goÃ»ter rapide connaissai dÃ©jÃ  ce crÃªperie venir plusieurs mois ce fois- service laisser dÃ©sirer plusieurs serveur terminer journÃ©e laisser attendre longtemps alors restaurer presque vide attendre prÃ¨s minute avoir final crÃªp chocolat chaud pratiquemer froid trÃ¨s dÃ©Ã§u ce visite,1,CrÃªperie AmÃ©lie,"RÃ©servations, Places assises, Chaises hautes disponibles, Accessible en fauteuil roulant, Sert de l'alcool, Service de table",,112 Cours Charlemagne 69002 Lyon France,2.5,,69002,45.7406889,4.818801,66,28920,12,,
92,oct. 2018,1.0,sans lire avis prÃ©cÃ©dent dÃ©but tout dÃ©rouler bien peu attente crÃªpe saler bien lui extra ordinaire bonner ensuite petit rush finir attendre avoir carte pouvoir eau pouvoir crÃªpe sucrer serveur plutÃ´t accueillant convaincre pire rest prix,1,CrÃªperie AmÃ©lie,"RÃ©servations, Places assises, Chaises hautes disponibles, Accessible en fauteuil roulant, Sert de l'alcool, Service de table",,112 Cours Charlemagne 69002 Lyon France,2.5,,69002,45.7406889,4.818801,66,28920,12,,
93,aoÃ»t 2018,1.0,loin bretagne soir sortant cinÃ©ma souhaiter dÃ®ner famill quel dÃ©ception famille installer avant table leur fille amuser couvert famille lever table couvert replacer trÃ¨s hygiÃ©nique prix exorbitant faire attendre crÃªpe rappeler saveur breton bon destination choisir crÃªpe complet Å“uf jambon gruyÃ¨r goÃ»t gruyÃ¨r aucun saveur insipide prÃ©fÃ©rer arrÃªter crÃªp salÃ©e quand voir commentaire comprendre dÃ©ception bien entendre retourneron,1,CrÃªperie AmÃ©lie,"RÃ©servations, Places assises, Chaises hautes disponibles, Accessible en fauteuil roulant, Sert de l'alcool, Service de table",,112 Cours Charlemagne 69002 Lyon France,2.5,,69002,45.7406889,4.818801,66,28920,12,,
94,mai 2018,3.0,aller promener Ã¨re fois confluence crÃªperie air bien extÃ©rieur dÃ©cevoir qualitÃ© crÃªpe plus lui arriver froide personnel moyen note Ã©levÃ© entaient fritaill dÃ©part,1,CrÃªperie AmÃ©lie,"RÃ©servations, Places assises, Chaises hautes disponibles, Accessible en fauteuil roulant, Sert de l'alcool, Service de table",,112 Cours Charlemagne 69002 Lyon France,2.5,,69002,45.7406889,4.818801,66,28920,12,,
95,mai 2018,2.0,accueil trÃ¨s chaleureux sympa seul point positif diner fille crÃªpe bon celui fille non cuire cÃ´tÃ© laisser goÃ»t pÃ¢teux sarrasin bouche crÃªpe dessert commander nutella caramel apporter caramel seulement ticket parking valider correctement faillir plus payer parking quell dÃ©ception,1,CrÃªperie AmÃ©lie,"RÃ©servations, Places assises, Chaises hautes disponibles, Accessible en fauteuil roulant, Sert de l'alcool, Service de table",,112 Cours Charlemagne 69002 Lyon France,2.5,,69002,45.7406889,4.818801,66,28920,12,,
96,mai 2018,2.0,commercial terrain chance pouvoir tester plusieurs restaurant celui- vraiment dÃ©cevant honorer qualitÃ© premier galett crÃªpe pÃ¢te farineux pÃ¢teuse bouch presentationâ€™ plus sommaire vraiment dommage car cadre potentiel,1,CrÃªperie AmÃ©lie,"RÃ©servations, Places assises, Chaises hautes disponibles, Accessible en fauteuil roulant, Sert de l'alcool, Service de table",,112 Cours Charlemagne 69002 Lyon France,2.5,,69002,45.7406889,4.818801,66,28920,12,,
97,avr. 2018,1.0,dÃ©cevoir dÃ©jeuner midi crÃªpe arriver froide non conforme descriptif pesto bÃ©chamel lieu mozzareller crÃªpe hyper saler produit mauvaiser qualitÃ© plus,1,CrÃªperie AmÃ©lie,"RÃ©servations, Places assises, Chaises hautes disponibles, Accessible en fauteuil roulant, Sert de l'alcool, Service de table",,112 Cours Charlemagne 69002 Lyon France,2.5,,69002,45.7406889,4.818801,66,28920,12,,
98,fÃ©vr. 2018,1.0,service laisse dÃ©sirer vraiment serveuse habiller noir dont vÃªtement sale couvert poil blanc coiffure nÃ©gliger mÃ¢chouiller chewing gum pouvoir etre jeune avoir minimum tenir mauvais impression ensemble personne assurer service cadre joli crÃªpe correct garniture tellement chiche prix scandaleusemer Ã©levÃ© contenu assiette bref bon base revoir beaucoup point revenir,1,CrÃªperie AmÃ©lie,"RÃ©servations, Places assises, Chaises hautes disponibles, Accessible en fauteuil roulant, Sert de l'alcool, Service de table",,112 Cours Charlemagne 69002 Lyon France,2.5,,69002,45.7406889,4.818801,66,28920,12,,
99,fÃ©vr. 2018,3.0,trois attent looooongu venir enfin prendre commande considÃ©rer enfin prÃ©sence aprÃ¨s celer assez vite contre mitigÃ© car trois deux satisfaire part trÃ¨s dÃ©Ã§u crÃªpe presque froid surtout dessert saveur chocolat chaud bruler donne trÃ¨s mauvais goÃ»t bref trÃ¨s mitiger,1,CrÃªperie AmÃ©lie,"RÃ©servations, Places assises, Chaises hautes disponibles, Accessible en fauteuil roulant, Sert de l'alcool, Service de table",,112 Cours Charlemagne 69002 Lyon France,2.5,,69002,45.7406889,4.818801,66,28920,12,,
100,janv. 2018,2.0,changer adresse habituelle confluence choisir ce crÃªperie dÃ©cor moderne convivial bibliothÃ¨qu milieu restaurer canapÃ© donne envier rentrer bon surprise arrÃªte table ainsi sol collant retrouver trace doigt gras menu donne choisir quand Ã¨m surprise suite problÃ¨me cuisinier salade tartine galette oignon caramÃ©lisÃ© choix restreindre aimer Ãªtre avertir dÃ¨s dÃ©but finir trouver crÃªpe convenir lui arriver assiette plastique minute ecart autre plutÃ´t tiÃ¨de chaude final crÃªpe quand bon plutÃ´t cher endroit recommander,1,CrÃªperie AmÃ©lie,"RÃ©servations, Places assises, Chaises hautes disponibles, Accessible en fauteuil roulant, Sert de l'alcool, Service de table",,112 Cours Charlemagne 69002 Lyon France,2.5,,69002,45.7406889,4.818801,66,28920,12,,
